{"inputUnits":[34],"outputUnits":2,"inputs":{"0":{"dtype":"number","min":296.7335147374322,"max":399.97809642472},"1":{"dtype":"number","min":26.951602095516563,"max":181.00329988416405},"2":{"dtype":"number","min":306.225539536504,"max":406.88664843464454},"3":{"dtype":"number","min":24.15372614274945,"max":171.81274354574043},"4":{"dtype":"number","min":294.3638756586562,"max":390.5086851956551},"5":{"dtype":"number","min":23.60891003822489,"max":174.9814110471491},"6":{"dtype":"number","min":316.0112392135531,"max":419.8075877853304},"7":{"dtype":"number","min":33.75156990036396,"max":178.43200512564437},"8":{"dtype":"number","min":280.56707742850915,"max":379.82630404347793},"9":{"dtype":"number","min":35.324277524594905,"max":186.22683460019948},"10":{"dtype":"number","min":342.96068247298746,"max":440.5884079068725},"11":{"dtype":"number","min":82.6650203831247,"max":217.2281960530123},"12":{"dtype":"number","min":262.15339467307047,"max":369.05595448514407},"13":{"dtype":"number","min":87.05729702062774,"max":216.00300868817004},"14":{"dtype":"number","min":361.1345332036009,"max":462.93459856951677},"15":{"dtype":"number","min":27.255652355171776,"max":236.53236493264956},"16":{"dtype":"number","min":246.79948178415873,"max":355.75276157312226},"17":{"dtype":"number","min":43.90718515853435,"max":249.04855590582355},"18":{"dtype":"number","min":383.16514429757933,"max":471.835406862969},"19":{"dtype":"number","min":11.740540621573459,"max":245.11495013915538},"20":{"dtype":"number","min":192.42437648959094,"max":343.59450014943496},"21":{"dtype":"number","min":9.361029730902771,"max":269.8661170647158},"22":{"dtype":"number","min":345.0931696306195,"max":421.72737195942597},"23":{"dtype":"number","min":209.6354321336653,"max":311.26162820856933},"24":{"dtype":"number","min":292.93620148597404,"max":376.5248301247639},"25":{"dtype":"number","min":211.56141612032468,"max":312.46878164785875},"26":{"dtype":"number","min":326.2328720836379,"max":422.57407829775445},"27":{"dtype":"number","min":265.2449300368162,"max":338.3548783419425},"28":{"dtype":"number","min":281.0491922538415,"max":358.1527677985892},"29":{"dtype":"number","min":261.7769825063486,"max":347.35904983609737},"30":{"dtype":"number","min":315.51208049930324,"max":425.1198240283869},"31":{"dtype":"number","min":317.1028822811491,"max":441.845917283443},"32":{"dtype":"number","min":299.6927656578971,"max":346.3290000751934},"33":{"dtype":"number","min":333.843463503594,"max":438.82462588899546}},"outputs":{"0":{"dtype":"string","min":0,"max":1,"uniqueValues":["p","q"],"legend":{"p":[1,0],"q":[0,1]}}},"isNormalized":true}